route_id,country_id,transport_type,route_name
1,1122,1,부산항
2,1122,1,인천항
3,1122,1,광양항
4,1122,1,평택당진항
5,1122,1,울산항
6,1122,1,포항항
7,1122,1,대산항
8,1122,1,마산항
9,1122,1,동해항
10,1233,1,로스앤젤레스항
11,1233,1,롱비치항
12,1233,1,뉴욕/뉴저지항
13,1233,1,서배너항
14,1233,1,휴스턴항
15,1233,1,오클랜드항
16,1233,1,찰스턴항
17,1233,1,시애틀항
18,1233,1,타코마항
19,1233,1,마이애미항
20,1233,1,노퍽항(버지니아)
21,1048,1,상하이항
22,1048,1,닝보-저우산항
23,1048,1,선전항
24,1048,1,광저우항
25,1048,1,칭다오항
26,1048,1,톈진항
27,1048,1,샤먼항
28,1048,1,다롄항
29,1048,1,롄윈강항
30,1048,1,잉커우항
31,1048,1,타이창항
32,1048,1,둥관항
33,1048,1,난징항
34,1048,1,푸저우항
35,1114,1,도쿄항
36,1114,1,요코하마항
37,1114,1,나고야항
38,1114,1,오사카항
39,1114,1,고베항
40,1114,1,하카타항
41,1114,1,시미즈항
42,1114,1,모지항
43,1114,1,가와사키항
44,1114,1,니가타항
45,1228,1,가오슝항
46,1228,1,지룽항
47,1228,1,타이중항
48,1228,1,타이베이항
49,1241,1,호찌민항
50,1241,1,하이퐁항
51,1241,1,다낭항
52,1241,1,까이멥항
53,1158,1,포트클랑
54,1158,1,탄중펠레파스항
55,1158,1,페낭항
56,1101,1,탄중프리오크(자카르타)항
57,1101,1,수라바야항
58,1101,1,벨라완항
59,1218,1,람차방항
60,1218,1,방콕항
61,1198,1,싱가포르항
62,1177,1,마닐라항
63,1105,1,나바셰바항
64,1105,1,문드라항
65,1105,1,첸나이항
66,1105,1,콜카타항
67,1002,1,제벨알리항
68,1002,1,아부다비항
69,1193,1,제다항
70,1193,1,담맘항
71,1057,1,함부르크항
72,1057,1,브레머하펜항
73,1057,1,빌헬름스하펜항
74,1166,1,로테르담항
75,1166,1,암스테르담항
76,1020,1,안트베르펜항
77,1020,1,제브뤼헤항
78,1068,1,발렌시아항
79,1068,1,알헤시라스항
80,1068,1,바르셀로나항
81,1077,1,펠릭스토우항
82,1077,1,사우샘프턴항
83,1077,1,런던게이트웨이항
84,1075,1,르아브르항
85,1075,1,마르세유항
86,1110,1,제노바항
87,1110,1,라스페치아항
88,1110,1,조이아타우로항
89,1013,1,멜버른항
90,1013,1,시드니항
91,1013,1,브리즈번항
92,1013,1,프리맨틀항
93,1031,1,산투스항
94,1031,1,리우데자네이루항
95,1157,1,만사니요항
96,1157,1,라사로카르데나스항
97,1157,1,베라크루스항
98,1038,1,밴쿠버항
99,1038,1,몬트리올항
100,1038,1,프린스루퍼트항
101,1114,2,가고시마
102,1114,2,간사이
103,1114,2,고마쓰
104,1114,2,고베
105,1114,2,구마모토
106,1114,2,기타규슈
107,1114,2,나가사키
108,1114,2,나고야
109,1114,2,니가타
110,1114,2,다카마쓰
111,1114,2,도쿄/나리타
112,1114,2,도쿠시마
113,1114,2,마쓰야마
114,1114,2,미야자키
115,1114,2,사가
116,1114,2,삿포로
117,1114,2,센다이
118,1114,2,시모지시마
119,1114,2,시즈오카
120,1114,2,아오모리
121,1114,2,오이타
122,1114,2,오카야마
123,1114,2,오키나와
124,1114,2,요나고
125,1114,2,이시가키
126,1114,2,하네다
127,1114,2,후쿠오카
128,1114,2,히로시마
129,1048,2,가목사
130,1048,2,계림
131,1048,2,광저우
132,1048,2,난퉁 싱둥
133,1048,2,남경
134,1048,2,닝보
135,1048,2,다통
136,1048,2,대련
137,1048,2,린이
138,1048,2,베이징
139,1048,2,베이징 다싱
140,1048,2,산야
141,1048,2,샤먼 가오치
142,1048,2,석가장
143,1048,2,선전
144,1048,2,수난 슈오팡
145,1048,2,시안
146,1048,2,심양
147,1048,2,양저우
148,1048,2,어저우화후
149,1048,2,연길
150,1048,2,연대
151,1048,2,옌청
152,1048,2,오르도스
153,1048,2,우루무치
154,1048,2,우한
155,1048,2,원저우
156,1048,2,위해
157,1048,2,윈청
158,1048,2,이창
159,1048,2,장가계
160,1048,2,장춘
161,1048,2,정저우
162,1048,2,지난
163,1048,2,창사
164,1048,2,천진
165,1048,2,청도
166,1048,2,청두 티안푸
167,1048,2,청두
168,1048,2,충칭
169,1048,2,쿤밍
170,1048,2,푸동
171,1048,2,푸저우
172,1048,2,하얼빈
173,1048,2,하이라얼
174,1048,2,하이커우
175,1048,2,항저우
176,1048,2,허페이
177,1048,2,후허하오터
178,1228,2,가오슝
179,1228,2,타오위안
180,1228,2,타이중
181,1095,2,홍콩
182,1148,2,마카오
183,1241,2,깜라인/나트랑
184,1241,2,노이바이/하노이
185,1241,2,다낭
186,1241,2,떤선녓/호찌민
187,1241,2,카트비
188,1241,2,푸꾸옥
189,1177,2,마닐라
190,1177,2,세부
191,1177,2,칼리보
192,1177,2,클라크
193,1177,2,팡라오
194,1218,2,수완나품/방콕
195,1218,2,치앙마이
196,1218,2,푸껫
197,1198,2,싱가포르
198,1158,2,코타키나발루
199,1158,2,쿠알라룸푸르
200,1158,2,페낭
201,1101,2,덴파사/발리
202,1101,2,마나도
203,1101,2,발릭파판
204,1101,2,자카르타
205,1105,2,델리
206,1126,2,비엔티안
207,1117,2,프놈펜
208,1146,2,양곤
209,1130,2,반다라나이케/콜롬보
210,1168,2,카트만두
211,1028,2,반다르스리베가완
212,1147,2,칭기즈칸/울란바토르
213,1233,2,뉴어크
214,1233,2,뉴욕/JFK
215,1233,2,댈러스
216,1233,2,디트로이트
217,1233,2,라스베이거스
218,1233,2,로스앤젤레스
219,1233,2,루이즈빌
220,1233,2,마이애미
221,1233,2,멤피스
222,1233,2,미니애폴리스
223,1233,2,보스턴
224,1233,2,샌버너디노
225,1233,2,산호세
226,1233,2,샌프란시스코
227,1233,2,솔트레이크시티
228,1233,2,시애틀
229,1233,2,시카고
230,1233,2,시카고 록퍼드
231,1233,2,신시내티
232,1233,2,애틀랜타
233,1233,2,앵커리지
234,1233,2,오클랜드
235,1233,2,워싱턴 덜레스
236,1233,2,인디애나폴리스
237,1233,2,호놀룰루
238,1092,2,괌
239,1149,2,사이판
240,1038,2,몬트리올
241,1038,2,밴쿠버
242,1038,2,캘거리
243,1038,2,토론토
244,1157,2,과달라하라
245,1157,2,멕시코시티
246,1157,2,몬테레이
247,1157,2,펠리페 앙헬레스
248,1031,2,비라코푸스
249,1077,2,런던 히드로
250,1057,2,라이프치히
251,1057,2,뮌헨
252,1057,2,프랑크푸르트
253,1075,2,마르세유
254,1075,2,파리
255,1110,2,로마
256,1110,2,밀라노
257,1068,2,마드리드
258,1068,2,바르셀로나
259,1166,2,암스테르담
260,1179,2,바르샤바
261,1179,2,브로츠와프
262,1056,2,프라하
263,1012,2,비엔나
264,1020,2,브뤼셀
265,1100,2,부다페스트
266,1043,2,취리히
267,1184,2,리스본
268,1134,2,룩셈부르크 핀델
269,1070,2,헬싱키
270,1197,2,스톡홀름
271,1167,2,오슬로
272,1059,2,코펜하겐
273,1098,2,자그레브
274,1225,2,이스탄불
275,1002,2,두바이
276,1002,2,아부다비
277,1187,2,도하
278,1127,2,베이루트
279,1016,2,헤이다르 알리예프/바쿠
280,1125,2,누르술탄 나자르바예프
281,1125,2,쉼켄트
282,1125,2,알마티
283,1235,2,타슈켄트
284,1116,2,마나스/비슈케크
285,1222,2,아시가바트
286,1069,2,아디스아바바
287,1013,2,브리즈번
288,1013,2,시드니
289,1171,2,오클랜드