currency_id,currency_code
2001,AED
2002,AFN
2003,ALL
2004,AMD
2005,ANG
2006,AOA
2007,ARS
2008,AUD
2009,AWG
2010,AZN
2011,BAM
2012,BBD
2013,BDT
2014,BGN
2015,BHD
2016,BIF
2017,BMD
2018,BND
2019,BOB
2020,BRL
2021,BSD
2022,BTN
2023,BWP
2024,BYN
2025,BZD
2026,CAD
2027,CDF
2028,CHF
2029,CLP
2030,CNH
2031,COP
2032,CRC
2033,CUP
2034,CVE
2035,CZK
2036,DJF
2037,DKK
2038,DOP
2039,DZD
2040,EGP
2041,ERN
2042,ETB
2043,EUR
2044,FJD
2045,FKP
2046,GBP
2047,GEL
2048,GHS
2049,GIP
2050,GMD
2051,GNF
2052,GTQ
2053,GYD
2054,HKD
2055,HNL
2056,HTG
2057,HUF
2058,IDR
2059,ILS
2060,INR
2061,IQD
2062,IRR
2063,ISK
2064,JMD
2065,JOD
2066,JPY
2067,KES
2068,KGS
2069,KHR
2070,KMF
2071,KPW
2072,KRW
2073,KWD
2074,KYD
2075,KZT
2076,LAK
2077,LBP
2078,LKR
2079,LRD
2080,LSL
2081,LYD
2082,MAD
2083,MDL
2084,MGA
2085,MKD
2086,MMK
2087,MNT
2088,MOP
2089,MRU
2090,MUR
2091,MVR
2092,MWK
2093,MXN
2094,MYR
2095,MZN
2096,NAD
2097,NGN
2098,NIO
2099,NOK
2100,NPR
2101,NZD
2102,OMR
2103,PAB
2104,PEN
2105,PGK
2106,PHP
2107,PKR
2108,PLN
2109,PYG
2110,QAR
2111,RON
2112,RSD
2113,RUB
2114,RWF
2115,SAR
2116,SBD
2117,SCR
2118,SDG
2119,SEK
2120,SGD
2121,SHP
2122,SLE
2123,SOS
2124,SRD
2125,SSP
2126,STN
2127,SYP
2128,SZL
2129,THB
2130,TJS
2131,TMT
2132,TND
2133,TOP
2134,TRY
2135,TTD
2136,TWD
2137,TZS
2138,UAH
2139,UGX
2140,USD
2141,UYU
2142,UZS
2143,VES
2144,VND
2145,VUV
2146,WST
2147,XAF
2148,XCD
2149,XOF
2150,XPF
2151,YER
2152,ZAR
2153,ZMW
2154,ZWL